match_id,season,team1,team2,date,match_number,venue,city,toss_winner,toss_decision,player_of_match,umpire1,umpire2,reserve_umpire,match_referee,winner,winner_runs,winner_wickets,match_type,home_team,month,day,day_name,ms_batting_team,ms_bowling_team,ms_runs_scored,ms_wickets,ms_fours,ms_sixes,ms_dots,ms_no_balls,ms_wides
1359499,2023,Mumbai Indians,Sunrisers Hyderabad,2023-04-18,25,Rajiv Gandhi International Stadium,Hyderabad,Sunrisers Hyderabad,field,C Green,Nitin Menon,Vinod Seshan,A Bengeri,Shakti Singh,Mumbai Indians,14.0,,Group,Sunrisers Hyderabad,April,18,Tuesday,Mumbai Indians,Sunrisers Hyderabad,,5,19,9,0,,2
1359502,2023,Kolkata Knight Riders,Delhi Capitals,2023-04-20,28,Arun Jaitley Stadium,Delhi,Delhi Capitals,field,I Sharma,MA Gough,R Pandit,Abhijit Bhattacharya,Amit Sharma,Delhi Capitals,,4.0,Group,Delhi Capitals,April,20,Thursday,Delhi Capitals,Kolkata Knight Riders,,6,17,0,0,2,3
1359524,2023,Royal Challengers Bangalore,Delhi Capitals,2023-05-06,50,Arun Jaitley Stadium,Delhi,Royal Challengers Bangalore,bat,PD Salt,RJ Tucker,YC Barde,Mohamad Rafi,M Nayyar,Delhi Capitals,,7.0,Group,Delhi Capitals,May,6,Saturday,Delhi Capitals,Royal Challengers Bangalore,,3,15,12,0,1,2
1359497,2023,Gujarat Titans,Rajasthan Royals,2023-04-16,23,Narendra Modi Stadium,Ahmedabad,Rajasthan Royals,field,SO Hetmyer,AK Chaudhary,CB Gaffaney,M Kuppuraj,Prakash Bhatt,Rajasthan Royals,,3.0,Group,Gujarat Titans,April,16,Sunday,Rajasthan Royals,Gujarat Titans,,7,10,15,0,,2
1359493,2023,Sunrisers Hyderabad,Kolkata Knight Riders,2023-04-14,19,Eden Gardens,Kolkata,Kolkata Knight Riders,field,HC Brook,CB Gaffaney,GR Sadashiv Iyer,M Kuppuraj,DS Manohar,Sunrisers Hyderabad,23.0,,Group,Kolkata Knight Riders,April,14,Friday,Sunrisers Hyderabad,Kolkata Knight Riders,,4,21,11,0,1,11
1359502,2023,Kolkata Knight Riders,Delhi Capitals,2023-04-20,28,Arun Jaitley Stadium,Delhi,Delhi Capitals,field,I Sharma,MA Gough,R Pandit,Abhijit Bhattacharya,Amit Sharma,Delhi Capitals,,4.0,Group,Delhi Capitals,April,20,Thursday,Kolkata Knight Riders,Delhi Capitals,,10,10,6,0,,11
1359526,2023,Rajasthan Royals,Sunrisers Hyderabad,2023-05-07,52,Sawai Mansingh Stadium,Jaipur,Rajasthan Royals,bat,GD Phillips,Nitin Menon,Vinod Seshan,VM Dhokre,J Srinath,Sunrisers Hyderabad,,4.0,Group,Rajasthan Royals,May,7,Sunday,Sunrisers Hyderabad,Rajasthan Royals,,6,15,13,0,1,4
1359511,2023,Rajasthan Royals,Chennai Super Kings,2023-04-27,37,Sawai Mansingh Stadium,Jaipur,Rajasthan Royals,bat,YBK Jaiswal,A Totre,YC Barde,Mohamad Rafi,M Nayyar,Rajasthan Royals,32.0,,Group,Rajasthan Royals,April,27,Thursday,Rajasthan Royals,Chennai Super Kings,,5,21,6,0,,4
1359522,2023,Rajasthan Royals,Gujarat Titans,2023-05-05,48,Sawai Mansingh Stadium,Jaipur,Rajasthan Royals,bat,Rashid Khan,HAS Khalid,VK Sharma,VM Dhokre,J Srinath,Gujarat Titans,,9.0,Group,Rajasthan Royals,May,5,Friday,Rajasthan Royals,Gujarat Titans,,10,9,3,0,,7
1359542,2023,Lucknow Super Giants,Kolkata Knight Riders,2023-05-20,68,Eden Gardens,Kolkata,Kolkata Knight Riders,field,N Pooran,J Madanagopal,UV Gandhe,Mohamad Rafi,M Nayyar,Lucknow Super Giants,1.0,,Group,Kolkata Knight Riders,May,20,Saturday,Kolkata Knight Riders,Lucknow Super Giants,,7,17,7,0,,5
1359487,2023,Gujarat Titans,Kolkata Knight Riders,2023-04-09,13,Narendra Modi Stadium,Ahmedabad,Gujarat Titans,bat,RK Singh,Nitin Menon,Tapan Sharma,A Bengeri,J Srinath,Kolkata Knight Riders,,3.0,Group,Gujarat Titans,April,9,Sunday,Kolkata Knight Riders,Gujarat Titans,,7,15,15,0,,3
1359512,2023,Lucknow Super Giants,Punjab Kings,2023-04-28,38,Punjab Cricket Association IS Bindra Stadium,Chandigarh,Punjab Kings,field,MP Stoinis,Nitin Menon,Vinod Seshan,VM Dhokre,Shakti Singh,Lucknow Super Giants,56.0,,Group,Punjab Kings,April,28,Friday,Punjab Kings,Lucknow Super Giants,,10,18,8,0,2,7
1359529,2023,Chennai Super Kings,Delhi Capitals,2023-05-10,55,MA Chidambaram Stadium,Chennai,Chennai Super Kings,bat,RA Jadeja,CB Gaffaney,NA Patwardhan,M Krishnadas,Sanjay Verma,Chennai Super Kings,27.0,,Group,Chennai Super Kings,May,10,Wednesday,Chennai Super Kings,Delhi Capitals,,8,10,7,0,,10
1359478,2023,Rajasthan Royals,Sunrisers Hyderabad,2023-04-02,4,Rajiv Gandhi International Stadium,Hyderabad,Sunrisers Hyderabad,field,JC Buttler,KN Ananthapadmanabhan,R Pandit,Abhijit Bhattacharya,V Narayan Kutty,Rajasthan Royals,72.0,,Group,Sunrisers Hyderabad,April,2,Sunday,Sunrisers Hyderabad,Rajasthan Royals,,8,8,5,0,3,3
1359500,2023,Lucknow Super Giants,Rajasthan Royals,2023-04-19,26,Sawai Mansingh Stadium,Jaipur,Rajasthan Royals,field,MP Stoinis,J Madanagopal,YC Barde,PM Joshi,R Seth,Lucknow Super Giants,10.0,,Group,Rajasthan Royals,April,19,Wednesday,Lucknow Super Giants,Rajasthan Royals,,7,13,5,0,1,1
1359500,2023,Lucknow Super Giants,Rajasthan Royals,2023-04-19,26,Sawai Mansingh Stadium,Jaipur,Rajasthan Royals,field,MP Stoinis,J Madanagopal,YC Barde,PM Joshi,R Seth,Lucknow Super Giants,10.0,,Group,Rajasthan Royals,April,19,Wednesday,Rajasthan Royals,Lucknow Super Giants,,6,13,4,0,1,6
1359521,2023,Kolkata Knight Riders,Sunrisers Hyderabad,2023-05-04,47,Rajiv Gandhi International Stadium,Hyderabad,Kolkata Knight Riders,bat,CV Varun,KN Ananthapadmanabhan,MA Gough,P Joshi,V Narayan Kutty,Kolkata Knight Riders,5.0,,Group,Sunrisers Hyderabad,May,4,Thursday,Sunrisers Hyderabad,Kolkata Knight Riders,,8,15,5,0,3,4
1359481,2023,Delhi Capitals,Gujarat Titans,2023-04-04,7,Arun Jaitley Stadium,Delhi,Gujarat Titans,field,B Sai Sudharsan,A Nand Kishore,GR Sadashiv Iyer,M Kuppuraj,DS Manohar,Gujarat Titans,,6.0,Group,Delhi Capitals,April,4,Tuesday,Delhi Capitals,Gujarat Titans,,8,14,6,0,,11
1359523,2023,Mumbai Indians,Chennai Super Kings,2023-05-06,49,MA Chidambaram Stadium,Chennai,Chennai Super Kings,field,M Pathirana,BNJ Oxenford,Navdeep Singh,P Joshi,V Narayan Kutty,Chennai Super Kings,,6.0,Group,Chennai Super Kings,May,6,Saturday,Chennai Super Kings,Mumbai Indians,,4,9,7,0,1,2
1359522,2023,Rajasthan Royals,Gujarat Titans,2023-05-05,48,Sawai Mansingh Stadium,Jaipur,Rajasthan Royals,bat,Rashid Khan,HAS Khalid,VK Sharma,VM Dhokre,J Srinath,Gujarat Titans,,9.0,Group,Rajasthan Royals,May,5,Friday,Gujarat Titans,Rajasthan Royals,,1,14,3,0,1,
1359485,2023,Rajasthan Royals,Delhi Capitals,2023-04-08,11,Barsapara Cricket Stadium,Guwahati,Delhi Capitals,field,YBK Jaiswal,Navdeep Singh,MV Saidharshan Kumar,Abhijit Bhattacharya,V Narayan Kutty,Rajasthan Royals,57.0,,Group,Rajasthan Royals,April,8,Saturday,Rajasthan Royals,Delhi Capitals,,4,23,7,0,1,4
1359542,2023,Lucknow Super Giants,Kolkata Knight Riders,2023-05-20,68,Eden Gardens,Kolkata,Kolkata Knight Riders,field,N Pooran,J Madanagopal,UV Gandhe,Mohamad Rafi,M Nayyar,Lucknow Super Giants,1.0,,Group,Kolkata Knight Riders,May,20,Saturday,Lucknow Super Giants,Kolkata Knight Riders,,8,12,10,0,2,5
1359525,2023,Gujarat Titans,Lucknow Super Giants,2023-05-07,51,Narendra Modi Stadium,Ahmedabad,Lucknow Super Giants,field,Shubman Gill,AK Chaudhary,A Nand Kishore,M Krishnadas,Prakash Bhatt,Gujarat Titans,56.0,,Group,Gujarat Titans,May,7,Sunday,Gujarat Titans,Lucknow Super Giants,,2,15,14,0,1,4
1359493,2023,Sunrisers Hyderabad,Kolkata Knight Riders,2023-04-14,19,Eden Gardens,Kolkata,Kolkata Knight Riders,field,HC Brook,CB Gaffaney,GR Sadashiv Iyer,M Kuppuraj,DS Manohar,Sunrisers Hyderabad,23.0,,Group,Kolkata Knight Riders,April,14,Friday,Kolkata Knight Riders,Sunrisers Hyderabad,,7,18,11,0,2,6
1359494,2023,Royal Challengers Bangalore,Delhi Capitals,2023-04-15,20,M Chinnaswamy Stadium,Bengaluru,Delhi Capitals,field,V Kohli,KN Ananthapadmanabhan,MV Saidharshan Kumar,Abhijit Bhattacharya,Amit Sharma,Royal Challengers Bangalore,23.0,,Group,Royal Challengers Bangalore,April,15,Saturday,Delhi Capitals,Royal Challengers Bangalore,,9,18,2,0,,3
1359514,2023,Sunrisers Hyderabad,Delhi Capitals,2023-04-29,40,Arun Jaitley Stadium,Delhi,Sunrisers Hyderabad,bat,MR Marsh,MA Gough,Navdeep Singh,P Joshi,V Narayan Kutty,Sunrisers Hyderabad,9.0,,Group,Delhi Capitals,April,29,Saturday,Sunrisers Hyderabad,Delhi Capitals,,6,17,9,0,1,8
1359534,2023,Royal Challengers Bangalore,Rajasthan Royals,2023-05-14,60,Sawai Mansingh Stadium,Jaipur,Royal Challengers Bangalore,bat,WD Parnell,KN Ananthapadmanabhan,Navdeep Singh,P Joshi,V Narayan Kutty,Royal Challengers Bangalore,112.0,,Group,Rajasthan Royals,May,14,Sunday,Rajasthan Royals,Royal Challengers Bangalore,,10,4,4,0,,2
1359509,2023,Gujarat Titans,Mumbai Indians,2023-04-25,35,Narendra Modi Stadium,Ahmedabad,Mumbai Indians,field,A Manohar,AK Chaudhary,A Nand Kishore,M Krishnadas,SA Satbhai,Gujarat Titans,55.0,,Group,Gujarat Titans,April,25,Tuesday,Mumbai Indians,Gujarat Titans,,9,8,9,0,,1
1359476,2023,Punjab Kings,Kolkata Knight Riders,2023-04-01,2,Punjab Cricket Association IS Bindra Stadium,Chandigarh,Kolkata Knight Riders,field,Arshdeep Singh,BNJ Oxenford,YC Barde,PM Joshi,M Nayyar,Punjab Kings,7.0,,Group,Punjab Kings,April,1,Saturday,Punjab Kings,Kolkata Knight Riders,,5,17,9,0,1,2
1359520,2023,Punjab Kings,Mumbai Indians,2023-05-03,46,Punjab Cricket Association IS Bindra Stadium,Chandigarh,Mumbai Indians,field,Ishan Kishan,J Madanagopal,RJ Tucker,Mohamad Rafi,SS Raul,Mumbai Indians,,6.0,Group,Punjab Kings,May,3,Wednesday,Punjab Kings,Mumbai Indians,,3,20,7,0,2,10
1359524,2023,Royal Challengers Bangalore,Delhi Capitals,2023-05-06,50,Arun Jaitley Stadium,Delhi,Royal Challengers Bangalore,bat,PD Salt,RJ Tucker,YC Barde,Mohamad Rafi,M Nayyar,Delhi Capitals,,7.0,Group,Delhi Capitals,May,6,Saturday,Royal Challengers Bangalore,Delhi Capitals,,4,16,6,0,,6
1359529,2023,Chennai Super Kings,Delhi Capitals,2023-05-10,55,MA Chidambaram Stadium,Chennai,Chennai Super Kings,bat,RA Jadeja,CB Gaffaney,NA Patwardhan,M Krishnadas,Sanjay Verma,Chennai Super Kings,27.0,,Group,Chennai Super Kings,May,10,Wednesday,Delhi Capitals,Chennai Super Kings,,8,10,6,0,,5
1359539,2023,Sunrisers Hyderabad,Royal Challengers Bangalore,2023-05-18,65,Rajiv Gandhi International Stadium,Hyderabad,Royal Challengers Bangalore,field,V Kohli,BNJ Oxenford,VK Sharma,VM Dhokre,J Srinath,Royal Challengers Bangalore,,8.0,Group,Sunrisers Hyderabad,May,18,Thursday,Royal Challengers Bangalore,Sunrisers Hyderabad,,2,20,6,0,1,4
1359480,2023,Chennai Super Kings,Lucknow Super Giants,2023-04-03,6,MA Chidambaram Stadium,Chennai,Lucknow Super Giants,field,MM Ali,A Totre,BNJ Oxenford,PM Joshi,M Nayyar,Chennai Super Kings,12.0,,Group,Chennai Super Kings,April,3,Monday,Lucknow Super Giants,Chennai Super Kings,,7,13,9,0,3,13
1359490,2023,Delhi Capitals,Mumbai Indians,2023-04-11,16,Arun Jaitley Stadium,Delhi,Mumbai Indians,field,RG Sharma,MA Gough,R Pandit,Abhijit Bhattacharya,V Narayan Kutty,Mumbai Indians,,6.0,Group,Delhi Capitals,April,11,Tuesday,Mumbai Indians,Delhi Capitals,,4,14,10,0,,2
1359496,2023,Kolkata Knight Riders,Mumbai Indians,2023-04-16,22,Wankhede Stadium,Mumbai,Mumbai Indians,field,VR Iyer,BNJ Oxenford,UV Gandhe,PM Joshi,R Seth,Mumbai Indians,,5.0,Group,Mumbai Indians,April,16,Sunday,Mumbai Indians,Kolkata Knight Riders,,5,15,13,0,,4
1359501,2023,Royal Challengers Bangalore,Punjab Kings,2023-04-20,27,Punjab Cricket Association IS Bindra Stadium,Chandigarh,Punjab Kings,field,Mohammed Siraj,AK Chaudhary,GR Sadashiv Iyer,M Kuppuraj,Prakash Bhatt,Royal Challengers Bangalore,24.0,,Group,Punjab Kings,April,20,Thursday,Punjab Kings,Royal Challengers Bangalore,,10,9,10,0,1,2
1359490,2023,Delhi Capitals,Mumbai Indians,2023-04-11,16,Arun Jaitley Stadium,Delhi,Mumbai Indians,field,RG Sharma,MA Gough,R Pandit,Abhijit Bhattacharya,V Narayan Kutty,Mumbai Indians,,6.0,Group,Delhi Capitals,April,11,Tuesday,Delhi Capitals,Mumbai Indians,,10,20,5,0,2,8
1359537,2023,Lucknow Super Giants,Mumbai Indians,2023-05-16,63,Bharat Ratna Shri Atal Bihari Vajpayee Ekana Cricket Stadium,Lucknow,Mumbai Indians,field,MP Stoinis,AK Chaudhary,A Nand Kishore,M Krishnadas,Sanjay Verma,Lucknow Super Giants,5.0,,Group,Lucknow Super Giants,May,16,Tuesday,Mumbai Indians,Lucknow Super Giants,,5,12,7,0,2,8
1370351,2023,Mumbai Indians,Lucknow Super Giants,2023-05-24,72,MA Chidambaram Stadium,Chennai,Mumbai Indians,bat,Akash Madhwal,BNJ Oxenford,VK Sharma,AK Chaudhary,V Narayan Kutty,Mumbai Indians,81.0,,Eliminator,Chennai Super Kings,May,24,Wednesday,Mumbai Indians,Lucknow Super Giants,,8,15,8,0,,6
1359528,2023,Royal Challengers Bangalore,Mumbai Indians,2023-05-09,54,Wankhede Stadium,Mumbai,Mumbai Indians,field,SA Yadav,HAS Khalid,VK Sharma,VM Dhokre,RS Sodhi,Mumbai Indians,,6.0,Group,Mumbai Indians,May,9,Tuesday,Mumbai Indians,Royal Challengers Bangalore,,4,16,13,0,2,6
1359479,2023,Mumbai Indians,Royal Challengers Bangalore,2023-04-02,5,M Chinnaswamy Stadium,Bengaluru,Royal Challengers Bangalore,field,F du Plessis,Nitin Menon,Tapan Sharma,A Bengeri,J Srinath,Royal Challengers Bangalore,,8.0,Group,Royal Challengers Bangalore,April,2,Sunday,Mumbai Indians,Royal Challengers Bangalore,,7,15,7,0,1,10
1359515,2023,Chennai Super Kings,Punjab Kings,2023-04-30,41,MA Chidambaram Stadium,Chennai,Chennai Super Kings,bat,DP Conway,RJ Tucker,UV Gandhe,Mohamad Rafi,M Nayyar,Punjab Kings,,4.0,Group,Chennai Super Kings,April,30,Sunday,Chennai Super Kings,Punjab Kings,,4,23,6,0,,7
1359520,2023,Punjab Kings,Mumbai Indians,2023-05-03,46,Punjab Cricket Association IS Bindra Stadium,Chandigarh,Mumbai Indians,field,Ishan Kishan,J Madanagopal,RJ Tucker,Mohamad Rafi,SS Raul,Mumbai Indians,,6.0,Group,Punjab Kings,May,3,Wednesday,Mumbai Indians,Punjab Kings,,4,23,9,0,,3
1359482,2023,Punjab Kings,Rajasthan Royals,2023-04-05,8,Barsapara Cricket Stadium,Guwahati,Rajasthan Royals,field,NT Ellis,KN Ananthapadmanabhan,MV Saidharshan Kumar,Abhijit Bhattacharya,V Narayan Kutty,Punjab Kings,5.0,,Group,Rajasthan Royals,April,5,Wednesday,Rajasthan Royals,Punjab Kings,,7,13,10,0,,9
1359494,2023,Royal Challengers Bangalore,Delhi Capitals,2023-04-15,20,M Chinnaswamy Stadium,Bengaluru,Delhi Capitals,field,V Kohli,KN Ananthapadmanabhan,MV Saidharshan Kumar,Abhijit Bhattacharya,Amit Sharma,Royal Challengers Bangalore,23.0,,Group,Royal Challengers Bangalore,April,15,Saturday,Royal Challengers Bangalore,Delhi Capitals,,6,13,8,0,1,3
1359498,2023,Chennai Super Kings,Royal Challengers Bangalore,2023-04-17,24,M Chinnaswamy Stadium,Bengaluru,Royal Challengers Bangalore,field,DP Conway,KN Ananthapadmanabhan,Navdeep Singh,Abhijit Bhattacharya,Amit Sharma,Chennai Super Kings,8.0,,Group,Royal Challengers Bangalore,April,17,Monday,Chennai Super Kings,Royal Challengers Bangalore,,6,12,17,0,2,4
1359517,2023,Royal Challengers Bangalore,Lucknow Super Giants,2023-05-01,43,Bharat Ratna Shri Atal Bihari Vajpayee Ekana Cricket Stadium,Lucknow,Royal Challengers Bangalore,bat,F du Plessis,AK Chaudhary,GR Sadashiv Iyer,M Krishnadas,Prakash Bhatt,Royal Challengers Bangalore,18.0,,Group,Lucknow Super Giants,May,1,Monday,Lucknow Super Giants,Royal Challengers Bangalore,,10,8,4,0,2,3
1359499,2023,Mumbai Indians,Sunrisers Hyderabad,2023-04-18,25,Rajiv Gandhi International Stadium,Hyderabad,Sunrisers Hyderabad,field,C Green,Nitin Menon,Vinod Seshan,A Bengeri,Shakti Singh,Mumbai Indians,14.0,,Group,Sunrisers Hyderabad,April,18,Tuesday,Sunrisers Hyderabad,Mumbai Indians,,10,18,4,0,,13
1359530,2023,Kolkata Knight Riders,Rajasthan Royals,2023-05-11,56,Eden Gardens,Kolkata,Rajasthan Royals,field,YBK Jaiswal,RJ Tucker,MV Saidharshan Kumar,P Joshi,P Dharmani,Rajasthan Royals,,9.0,Group,Kolkata Knight Riders,May,11,Thursday,Kolkata Knight Riders,Rajasthan Royals,,8,8,8,0,,1
1370350,2023,Chennai Super Kings,Gujarat Titans,2023-05-23,71,MA Chidambaram Stadium,Chennai,Gujarat Titans,field,RD Gaikwad,AK Chaudhary,CB Gaffaney,VK Sharma,M Nayyar,Chennai Super Kings,15.0,,Qualifier,Chennai Super Kings,May,23,Tuesday,Gujarat Titans,Chennai Super Kings,,10,13,5,0,,13
1359489,2023,Royal Challengers Bangalore,Lucknow Super Giants,2023-04-10,15,M Chinnaswamy Stadium,Bengaluru,Lucknow Super Giants,field,N Pooran,AK Chaudhary,A Nand Kishore,M Kuppuraj,DS Manohar,Lucknow Super Giants,,1.0,Group,Royal Challengers Bangalore,April,10,Monday,Royal Challengers Bangalore,Lucknow Super Giants,,2,12,15,0,,4
1359533,2023,Punjab Kings,Delhi Capitals,2023-05-13,59,Arun Jaitley Stadium,Delhi,Delhi Capitals,field,P Simran Singh,CB Gaffaney,NA Patwardhan,M Krishnadas,Sanjay Verma,Punjab Kings,31.0,,Group,Delhi Capitals,May,13,Saturday,Delhi Capitals,Punjab Kings,,8,17,2,0,,3
1359536,2023,Gujarat Titans,Sunrisers Hyderabad,2023-05-15,62,Narendra Modi Stadium,Ahmedabad,Sunrisers Hyderabad,field,Shubman Gill,J Madanagopal,UV Gandhe,Mohamad Rafi,M Nayyar,Gujarat Titans,34.0,,Group,Gujarat Titans,May,15,Monday,Gujarat Titans,Sunrisers Hyderabad,,9,22,2,0,2,10
1359504,2023,Gujarat Titans,Lucknow Super Giants,2023-04-22,30,Bharat Ratna Shri Atal Bihari Vajpayee Ekana Cricket Stadium,Lucknow,Gujarat Titans,bat,MM Sharma,A Totre,RJ Tucker,PM Joshi,R Seth,Gujarat Titans,7.0,,Group,Lucknow Super Giants,April,22,Saturday,Gujarat Titans,Lucknow Super Giants,,6,9,4,0,,
1359531,2023,Mumbai Indians,Gujarat Titans,2023-05-12,57,Wankhede Stadium,Mumbai,Gujarat Titans,field,SA Yadav,Nitin Menon,Tapan Sharma,VM Dhokre,RS Sodhi,Mumbai Indians,27.0,,Group,Mumbai Indians,May,12,Friday,Gujarat Titans,Mumbai Indians,,8,16,12,0,,3
1359539,2023,Sunrisers Hyderabad,Royal Challengers Bangalore,2023-05-18,65,Rajiv Gandhi International Stadium,Hyderabad,Royal Challengers Bangalore,field,V Kohli,BNJ Oxenford,VK Sharma,VM Dhokre,J Srinath,Royal Challengers Bangalore,,8.0,Group,Sunrisers Hyderabad,May,18,Thursday,Sunrisers Hyderabad,Royal Challengers Bangalore,,5,15,8,0,,5
1359518,2023,Delhi Capitals,Gujarat Titans,2023-05-02,44,Narendra Modi Stadium,Ahmedabad,Delhi Capitals,bat,Mohammed Shami,MA Gough,R Pandit,P Joshi,V Narayan Kutty,Delhi Capitals,5.0,,Group,Gujarat Titans,May,2,Tuesday,Delhi Capitals,Gujarat Titans,,8,9,5,0,1,3
1359503,2023,Sunrisers Hyderabad,Chennai Super Kings,2023-04-21,29,MA Chidambaram Stadium,Chennai,Chennai Super Kings,field,RA Jadeja,HAS Khalid,VK Sharma,A Bengeri,Shakti Singh,Chennai Super Kings,,7.0,Group,Chennai Super Kings,April,21,Friday,Sunrisers Hyderabad,Chennai Super Kings,,7,11,2,0,,2
1359516,2023,Rajasthan Royals,Mumbai Indians,2023-04-30,42,Wankhede Stadium,Mumbai,Rajasthan Royals,bat,YBK Jaiswal,Vinod Seshan,VK Sharma,VM Dhokre,J Srinath,Mumbai Indians,,6.0,Group,Mumbai Indians,April,30,Sunday,Rajasthan Royals,Mumbai Indians,,7,20,12,0,1,16
1359495,2023,Lucknow Super Giants,Punjab Kings,2023-04-15,21,Bharat Ratna Shri Atal Bihari Vajpayee Ekana Cricket Stadium,Lucknow,Punjab Kings,field,Sikandar Raza,HAS Khalid,VK Sharma,A Bengeri,Shakti Singh,Punjab Kings,,2.0,Group,Lucknow Super Giants,April,15,Saturday,Punjab Kings,Lucknow Super Giants,,8,16,6,0,,5
1359484,2023,Sunrisers Hyderabad,Lucknow Super Giants,2023-04-07,10,Bharat Ratna Shri Atal Bihari Vajpayee Ekana Cricket Stadium,Lucknow,Sunrisers Hyderabad,bat,KH Pandya,J Madanagopal,YC Barde,PM Joshi,M Nayyar,Lucknow Super Giants,,5.0,Group,Lucknow Super Giants,April,7,Friday,Lucknow Super Giants,Sunrisers Hyderabad,,5,13,3,0,,15
1359507,2023,Chennai Super Kings,Kolkata Knight Riders,2023-04-23,33,Eden Gardens,Kolkata,Kolkata Knight Riders,field,AM Rahane,Nitin Menon,Tapan Sharma,A Bengeri,Shakti Singh,Chennai Super Kings,49.0,,Group,Kolkata Knight Riders,April,23,Sunday,Kolkata Knight Riders,Chennai Super Kings,,8,14,12,0,,9
1359496,2023,Kolkata Knight Riders,Mumbai Indians,2023-04-16,22,Wankhede Stadium,Mumbai,Mumbai Indians,field,VR Iyer,BNJ Oxenford,UV Gandhe,PM Joshi,R Seth,Mumbai Indians,,5.0,Group,Mumbai Indians,April,16,Sunday,Kolkata Knight Riders,Mumbai Indians,,6,12,10,0,,12
1359495,2023,Lucknow Super Giants,Punjab Kings,2023-04-15,21,Bharat Ratna Shri Atal Bihari Vajpayee Ekana Cricket Stadium,Lucknow,Punjab Kings,field,Sikandar Raza,HAS Khalid,VK Sharma,A Bengeri,Shakti Singh,Punjab Kings,,2.0,Group,Lucknow Super Giants,April,15,Saturday,Lucknow Super Giants,Punjab Kings,,8,11,6,0,1,6
1359498,2023,Chennai Super Kings,Royal Challengers Bangalore,2023-04-17,24,M Chinnaswamy Stadium,Bengaluru,Royal Challengers Bangalore,field,DP Conway,KN Ananthapadmanabhan,Navdeep Singh,Abhijit Bhattacharya,Amit Sharma,Chennai Super Kings,8.0,,Group,Royal Challengers Bangalore,April,17,Monday,Royal Challengers Bangalore,Chennai Super Kings,,8,12,16,0,,6
1370352,2023,Gujarat Titans,Mumbai Indians,2023-05-26,73,Narendra Modi Stadium,Ahmedabad,Mumbai Indians,field,Shubman Gill,Nitin Menon,RJ Tucker,KN Ananthapadmanabhan,J Srinath,Gujarat Titans,62.0,,Qualifier,Gujarat Titans,May,26,Friday,Gujarat Titans,Mumbai Indians,,3,18,13,0,2,6
1359492,2023,Punjab Kings,Gujarat Titans,2023-04-13,18,Punjab Cricket Association IS Bindra Stadium,Chandigarh,Gujarat Titans,field,MM Sharma,A Totre,J Madanagopal,PM Joshi,R Seth,Gujarat Titans,,6.0,Group,Punjab Kings,April,13,Thursday,Punjab Kings,Gujarat Titans,,8,16,5,0,,9
1359519,2023,Lucknow Super Giants,Chennai Super Kings,2023-05-03,45,Bharat Ratna Shri Atal Bihari Vajpayee Ekana Cricket Stadium,Lucknow,Chennai Super Kings,field,,AK Chaudhary,NA Patwardhan,M Krishnadas,Prakash Bhatt,No Result,,,Group,Lucknow Super Giants,May,3,Wednesday,Lucknow Super Giants,Chennai Super Kings,,7,6,4,0,,6
1359485,2023,Rajasthan Royals,Delhi Capitals,2023-04-08,11,Barsapara Cricket Stadium,Guwahati,Delhi Capitals,field,YBK Jaiswal,Navdeep Singh,MV Saidharshan Kumar,Abhijit Bhattacharya,V Narayan Kutty,Rajasthan Royals,57.0,,Group,Rajasthan Royals,April,8,Saturday,Delhi Capitals,Rajasthan Royals,,9,15,0,0,1,7
1359510,2023,Kolkata Knight Riders,Royal Challengers Bangalore,2023-04-26,36,M Chinnaswamy Stadium,Bengaluru,Royal Challengers Bangalore,field,CV Varun,KN Ananthapadmanabhan,R Pandit,Abhijit Bhattacharya,Amit Sharma,Kolkata Knight Riders,21.0,,Group,Royal Challengers Bangalore,April,26,Wednesday,Royal Challengers Bangalore,Kolkata Knight Riders,,8,12,7,0,,3
1359538,2023,Delhi Capitals,Punjab Kings,2023-05-17,64,Himachal Pradesh Cricket Association Stadium,Dharamsala,Punjab Kings,field,RR Rossouw,KN Ananthapadmanabhan,MV Saidharshan Kumar,P Joshi,P Dharmani,Delhi Capitals,15.0,,Group,Punjab Kings,May,17,Wednesday,Delhi Capitals,Punjab Kings,,2,20,11,0,,5
1359479,2023,Mumbai Indians,Royal Challengers Bangalore,2023-04-02,5,M Chinnaswamy Stadium,Bengaluru,Royal Challengers Bangalore,field,F du Plessis,Nitin Menon,Tapan Sharma,A Bengeri,J Srinath,Royal Challengers Bangalore,,8.0,Group,Royal Challengers Bangalore,April,2,Sunday,Royal Challengers Bangalore,Mumbai Indians,,2,11,13,0,,4
1359509,2023,Gujarat Titans,Mumbai Indians,2023-04-25,35,Narendra Modi Stadium,Ahmedabad,Mumbai Indians,field,A Manohar,AK Chaudhary,A Nand Kishore,M Krishnadas,SA Satbhai,Gujarat Titans,55.0,,Group,Gujarat Titans,April,25,Tuesday,Gujarat Titans,Mumbai Indians,,6,14,12,0,,5
1359535,2023,Chennai Super Kings,Kolkata Knight Riders,2023-05-14,61,MA Chidambaram Stadium,Chennai,Chennai Super Kings,bat,RK Singh,Tapan Sharma,Vinod Seshan,VM Dhokre,J Srinath,Kolkata Knight Riders,,6.0,Group,Chennai Super Kings,May,14,Sunday,Kolkata Knight Riders,Chennai Super Kings,,4,13,4,0,1,10
1359535,2023,Chennai Super Kings,Kolkata Knight Riders,2023-05-14,61,MA Chidambaram Stadium,Chennai,Chennai Super Kings,bat,RK Singh,Tapan Sharma,Vinod Seshan,VM Dhokre,J Srinath,Kolkata Knight Riders,,6.0,Group,Chennai Super Kings,May,14,Sunday,Chennai Super Kings,Kolkata Knight Riders,,6,7,5,0,2,4
1359478,2023,Rajasthan Royals,Sunrisers Hyderabad,2023-04-02,4,Rajiv Gandhi International Stadium,Hyderabad,Sunrisers Hyderabad,field,JC Buttler,KN Ananthapadmanabhan,R Pandit,Abhijit Bhattacharya,V Narayan Kutty,Rajasthan Royals,72.0,,Group,Sunrisers Hyderabad,April,2,Sunday,Rajasthan Royals,Sunrisers Hyderabad,,5,21,8,0,,2
1359497,2023,Gujarat Titans,Rajasthan Royals,2023-04-16,23,Narendra Modi Stadium,Ahmedabad,Rajasthan Royals,field,SO Hetmyer,AK Chaudhary,CB Gaffaney,M Kuppuraj,Prakash Bhatt,Rajasthan Royals,,3.0,Group,Gujarat Titans,April,16,Sunday,Gujarat Titans,Rajasthan Royals,,7,13,7,0,,4
1359516,2023,Rajasthan Royals,Mumbai Indians,2023-04-30,42,Wankhede Stadium,Mumbai,Rajasthan Royals,bat,YBK Jaiswal,Vinod Seshan,VK Sharma,VM Dhokre,J Srinath,Mumbai Indians,,6.0,Group,Mumbai Indians,April,30,Sunday,Mumbai Indians,Rajasthan Royals,,4,21,10,0,1,7
1359532,2023,Sunrisers Hyderabad,Lucknow Super Giants,2023-05-13,58,Rajiv Gandhi International Stadium,Hyderabad,Sunrisers Hyderabad,bat,PN Mankad,A Totre,J Madanagopal,Mohamad Rafi,P Dharmani,Lucknow Super Giants,,7.0,Group,Sunrisers Hyderabad,May,13,Saturday,Lucknow Super Giants,Sunrisers Hyderabad,,3,15,10,0,,5
1359483,2023,Kolkata Knight Riders,Royal Challengers Bangalore,2023-04-06,9,Eden Gardens,Kolkata,Royal Challengers Bangalore,field,SN Thakur,Vinod Seshan,VK Sharma,A Bengeri,Shakti Singh,Kolkata Knight Riders,81.0,,Group,Kolkata Knight Riders,April,6,Thursday,Royal Challengers Bangalore,Kolkata Knight Riders,,10,12,4,0,,1
1359518,2023,Delhi Capitals,Gujarat Titans,2023-05-02,44,Narendra Modi Stadium,Ahmedabad,Delhi Capitals,bat,Mohammed Shami,MA Gough,R Pandit,P Joshi,V Narayan Kutty,Delhi Capitals,5.0,,Group,Gujarat Titans,May,2,Tuesday,Gujarat Titans,Delhi Capitals,,6,9,4,0,,5
1359532,2023,Sunrisers Hyderabad,Lucknow Super Giants,2023-05-13,58,Rajiv Gandhi International Stadium,Hyderabad,Sunrisers Hyderabad,bat,PN Mankad,A Totre,J Madanagopal,Mohamad Rafi,P Dharmani,Lucknow Super Giants,,7.0,Group,Sunrisers Hyderabad,May,13,Saturday,Sunrisers Hyderabad,Lucknow Super Giants,,6,18,8,0,1,2
1359506,2023,Royal Challengers Bangalore,Rajasthan Royals,2023-04-23,32,M Chinnaswamy Stadium,Bengaluru,Rajasthan Royals,field,GJ Maxwell,MA Gough,MV Saidharshan Kumar,Abhijit Bhattacharya,Amit Sharma,Royal Challengers Bangalore,7.0,,Group,Royal Challengers Bangalore,April,23,Sunday,Royal Challengers Bangalore,Rajasthan Royals,,9,18,6,0,,10
1359489,2023,Royal Challengers Bangalore,Lucknow Super Giants,2023-04-10,15,M Chinnaswamy Stadium,Bengaluru,Lucknow Super Giants,field,N Pooran,AK Chaudhary,A Nand Kishore,M Kuppuraj,DS Manohar,Lucknow Super Giants,,1.0,Group,Royal Challengers Bangalore,April,10,Monday,Lucknow Super Giants,Royal Challengers Bangalore,,9,17,12,0,,9
1359531,2023,Mumbai Indians,Gujarat Titans,2023-05-12,57,Wankhede Stadium,Mumbai,Gujarat Titans,field,SA Yadav,Nitin Menon,Tapan Sharma,VM Dhokre,RS Sodhi,Mumbai Indians,27.0,,Group,Mumbai Indians,May,12,Friday,Mumbai Indians,Gujarat Titans,,5,22,12,0,,
1359541,2023,Chennai Super Kings,Delhi Capitals,2023-05-20,67,Arun Jaitley Stadium,Delhi,Chennai Super Kings,bat,RD Gaikwad,CB Gaffaney,NA Patwardhan,M Krishnadas,Sanjay Verma,Chennai Super Kings,77.0,,Group,Delhi Capitals,May,20,Saturday,Delhi Capitals,Chennai Super Kings,,9,11,6,0,,8
1370350,2023,Chennai Super Kings,Gujarat Titans,2023-05-23,71,MA Chidambaram Stadium,Chennai,Gujarat Titans,field,RD Gaikwad,AK Chaudhary,CB Gaffaney,VK Sharma,M Nayyar,Chennai Super Kings,15.0,,Qualifier,Chennai Super Kings,May,23,Tuesday,Chennai Super Kings,Gujarat Titans,,7,14,4,0,2,
1359482,2023,Punjab Kings,Rajasthan Royals,2023-04-05,8,Barsapara Cricket Stadium,Guwahati,Rajasthan Royals,field,NT Ellis,KN Ananthapadmanabhan,MV Saidharshan Kumar,Abhijit Bhattacharya,V Narayan Kutty,Punjab Kings,5.0,,Group,Rajasthan Royals,April,5,Wednesday,Punjab Kings,Rajasthan Royals,,5,19,7,0,1,8
1359544,2023,Royal Challengers Bangalore,Gujarat Titans,2023-05-21,70,M Chinnaswamy Stadium,Bengaluru,Gujarat Titans,field,Shubman Gill,Nitin Menon,VK Sharma,VM Dhokre,J Srinath,Gujarat Titans,,6.0,Group,Royal Challengers Bangalore,May,21,Sunday,Gujarat Titans,Royal Challengers Bangalore,,4,15,10,0,1,7
1359540,2023,Punjab Kings,Rajasthan Royals,2023-05-19,66,Himachal Pradesh Cricket Association Stadium,Dharamsala,Rajasthan Royals,field,D Padikkal,A Nand Kishore,RJ Tucker,P Joshi,P Dharmani,Rajasthan Royals,,4.0,Group,Punjab Kings,May,19,Friday,Punjab Kings,Rajasthan Royals,,5,17,9,0,1,5
1359491,2023,Rajasthan Royals,Chennai Super Kings,2023-04-12,17,MA Chidambaram Stadium,Chennai,Chennai Super Kings,field,R Ashwin,Vinod Seshan,VK Sharma,A Bengeri,J Srinath,Rajasthan Royals,3.0,,Group,Chennai Super Kings,April,12,Wednesday,Rajasthan Royals,Chennai Super Kings,,8,11,7,0,,10
1359504,2023,Gujarat Titans,Lucknow Super Giants,2023-04-22,30,Bharat Ratna Shri Atal Bihari Vajpayee Ekana Cricket Stadium,Lucknow,Gujarat Titans,bat,MM Sharma,A Totre,RJ Tucker,PM Joshi,R Seth,Gujarat Titans,7.0,,Group,Lucknow Super Giants,April,22,Saturday,Lucknow Super Giants,Gujarat Titans,,7,12,2,0,,1
1359505,2023,Punjab Kings,Mumbai Indians,2023-04-22,31,Wankhede Stadium,Mumbai,Mumbai Indians,field,SM Curran,CB Gaffaney,GR Sadashiv Iyer,M Kuppuraj,Prakash Bhatt,Punjab Kings,13.0,,Group,Mumbai Indians,April,22,Saturday,Mumbai Indians,Punjab Kings,,6,17,11,0,,3
1359523,2023,Mumbai Indians,Chennai Super Kings,2023-05-06,49,MA Chidambaram Stadium,Chennai,Chennai Super Kings,field,M Pathirana,BNJ Oxenford,Navdeep Singh,P Joshi,V Narayan Kutty,Chennai Super Kings,,6.0,Group,Chennai Super Kings,May,6,Saturday,Mumbai Indians,Chennai Super Kings,,8,15,1,0,,3
1359526,2023,Rajasthan Royals,Sunrisers Hyderabad,2023-05-07,52,Sawai Mansingh Stadium,Jaipur,Rajasthan Royals,bat,GD Phillips,Nitin Menon,Vinod Seshan,VM Dhokre,J Srinath,Sunrisers Hyderabad,,4.0,Group,Rajasthan Royals,May,7,Sunday,Rajasthan Royals,Sunrisers Hyderabad,,2,19,11,0,,5
1359543,2023,Sunrisers Hyderabad,Mumbai Indians,2023-05-21,69,Wankhede Stadium,Mumbai,Mumbai Indians,field,C Green,KN Ananthapadmanabhan,RJ Tucker,P Joshi,P Dharmani,Mumbai Indians,,8.0,Group,Mumbai Indians,May,21,Sunday,Sunrisers Hyderabad,Mumbai Indians,,5,20,7,0,1,6
1359527,2023,Punjab Kings,Kolkata Knight Riders,2023-05-08,53,Eden Gardens,Kolkata,Punjab Kings,bat,AD Russell,A Totre,J Madanagopal,Mohamad Rafi,SS Raul,Kolkata Knight Riders,,5.0,Group,Kolkata Knight Riders,May,8,Monday,Punjab Kings,Kolkata Knight Riders,,7,21,6,0,2,4
1359530,2023,Kolkata Knight Riders,Rajasthan Royals,2023-05-11,56,Eden Gardens,Kolkata,Rajasthan Royals,field,YBK Jaiswal,RJ Tucker,MV Saidharshan Kumar,P Joshi,P Dharmani,Rajasthan Royals,,9.0,Group,Kolkata Knight Riders,May,11,Thursday,Rajasthan Royals,Kolkata Knight Riders,,1,15,10,0,,3
1359511,2023,Rajasthan Royals,Chennai Super Kings,2023-04-27,37,Sawai Mansingh Stadium,Jaipur,Rajasthan Royals,bat,YBK Jaiswal,A Totre,YC Barde,Mohamad Rafi,M Nayyar,Rajasthan Royals,32.0,,Group,Rajasthan Royals,April,27,Thursday,Chennai Super Kings,Rajasthan Royals,,6,13,7,0,,1
1359481,2023,Delhi Capitals,Gujarat Titans,2023-04-04,7,Arun Jaitley Stadium,Delhi,Gujarat Titans,field,B Sai Sudharsan,A Nand Kishore,GR Sadashiv Iyer,M Kuppuraj,DS Manohar,Gujarat Titans,,6.0,Group,Delhi Capitals,April,4,Tuesday,Gujarat Titans,Delhi Capitals,,4,15,5,0,2,4
1359508,2023,Delhi Capitals,Sunrisers Hyderabad,2023-04-24,34,Rajiv Gandhi International Stadium,Hyderabad,Delhi Capitals,bat,AR Patel,J Madanagopal,RJ Tucker,PM Joshi,R Seth,Delhi Capitals,7.0,,Group,Sunrisers Hyderabad,April,24,Monday,Sunrisers Hyderabad,Delhi Capitals,,6,13,1,0,1,
1359513,2023,Kolkata Knight Riders,Gujarat Titans,2023-04-29,39,Eden Gardens,Kolkata,Gujarat Titans,field,J Little,NA Patwardhan,GR Sadashiv Iyer,M Krishnadas,SA Satbhai,Gujarat Titans,,7.0,Group,Kolkata Knight Riders,April,29,Saturday,Kolkata Knight Riders,Gujarat Titans,,7,12,12,0,,3
1359543,2023,Sunrisers Hyderabad,Mumbai Indians,2023-05-21,69,Wankhede Stadium,Mumbai,Mumbai Indians,field,C Green,KN Ananthapadmanabhan,RJ Tucker,P Joshi,P Dharmani,Mumbai Indians,,8.0,Group,Mumbai Indians,May,21,Sunday,Mumbai Indians,Sunrisers Hyderabad,,2,21,10,0,4,1
1359484,2023,Sunrisers Hyderabad,Lucknow Super Giants,2023-04-07,10,Bharat Ratna Shri Atal Bihari Vajpayee Ekana Cricket Stadium,Lucknow,Sunrisers Hyderabad,bat,KH Pandya,J Madanagopal,YC Barde,PM Joshi,M Nayyar,Lucknow Super Giants,,5.0,Group,Lucknow Super Giants,April,7,Friday,Sunrisers Hyderabad,Lucknow Super Giants,,8,10,3,0,,2
1359541,2023,Chennai Super Kings,Delhi Capitals,2023-05-20,67,Arun Jaitley Stadium,Delhi,Chennai Super Kings,bat,RD Gaikwad,CB Gaffaney,NA Patwardhan,M Krishnadas,Sanjay Verma,Chennai Super Kings,77.0,,Group,Delhi Capitals,May,20,Saturday,Chennai Super Kings,Delhi Capitals,,3,17,14,0,2,7
1359521,2023,Kolkata Knight Riders,Sunrisers Hyderabad,2023-05-04,47,Rajiv Gandhi International Stadium,Hyderabad,Kolkata Knight Riders,bat,CV Varun,KN Ananthapadmanabhan,MA Gough,P Joshi,V Narayan Kutty,Kolkata Knight Riders,5.0,,Group,Sunrisers Hyderabad,May,4,Thursday,Kolkata Knight Riders,Sunrisers Hyderabad,,9,16,6,0,2,5
1359536,2023,Gujarat Titans,Sunrisers Hyderabad,2023-05-15,62,Narendra Modi Stadium,Ahmedabad,Sunrisers Hyderabad,field,Shubman Gill,J Madanagopal,UV Gandhe,Mohamad Rafi,M Nayyar,Gujarat Titans,34.0,,Group,Gujarat Titans,May,15,Monday,Sunrisers Hyderabad,Gujarat Titans,,9,13,5,0,,5
1370351,2023,Mumbai Indians,Lucknow Super Giants,2023-05-24,72,MA Chidambaram Stadium,Chennai,Mumbai Indians,bat,Akash Madhwal,BNJ Oxenford,VK Sharma,AK Chaudhary,V Narayan Kutty,Mumbai Indians,81.0,,Eliminator,Chennai Super Kings,May,24,Wednesday,Lucknow Super Giants,Mumbai Indians,,10,9,2,0,,3
1359512,2023,Lucknow Super Giants,Punjab Kings,2023-04-28,38,Punjab Cricket Association IS Bindra Stadium,Chandigarh,Punjab Kings,field,MP Stoinis,Nitin Menon,Vinod Seshan,VM Dhokre,Shakti Singh,Lucknow Super Giants,56.0,,Group,Punjab Kings,April,28,Friday,Lucknow Super Giants,Punjab Kings,,5,27,14,0,4,5
1359527,2023,Punjab Kings,Kolkata Knight Riders,2023-05-08,53,Eden Gardens,Kolkata,Punjab Kings,bat,AD Russell,A Totre,J Madanagopal,Mohamad Rafi,SS Raul,Kolkata Knight Riders,,5.0,Group,Kolkata Knight Riders,May,8,Monday,Kolkata Knight Riders,Punjab Kings,,5,20,6,0,,3
1359488,2023,Punjab Kings,Sunrisers Hyderabad,2023-04-09,14,Rajiv Gandhi International Stadium,Hyderabad,Sunrisers Hyderabad,field,S Dhawan,BNJ Oxenford,UV Gandhe,PM Joshi,M Nayyar,Sunrisers Hyderabad,,8.0,Group,Sunrisers Hyderabad,April,9,Sunday,Punjab Kings,Sunrisers Hyderabad,,9,17,6,0,,5
1359513,2023,Kolkata Knight Riders,Gujarat Titans,2023-04-29,39,Eden Gardens,Kolkata,Gujarat Titans,field,J Little,NA Patwardhan,GR Sadashiv Iyer,M Krishnadas,SA Satbhai,Gujarat Titans,,7.0,Group,Kolkata Knight Riders,April,29,Saturday,Gujarat Titans,Kolkata Knight Riders,,3,15,8,0,,3
1359486,2023,Mumbai Indians,Chennai Super Kings,2023-04-08,12,Wankhede Stadium,Mumbai,Chennai Super Kings,field,RA Jadeja,CB Gaffaney,NA Patwardhan,M Kuppuraj,DS Manohar,Chennai Super Kings,,7.0,Group,Mumbai Indians,April,8,Saturday,Chennai Super Kings,Mumbai Indians,,3,14,5,0,,6
1359528,2023,Royal Challengers Bangalore,Mumbai Indians,2023-05-09,54,Wankhede Stadium,Mumbai,Mumbai Indians,field,SA Yadav,HAS Khalid,VK Sharma,VM Dhokre,RS Sodhi,Mumbai Indians,,6.0,Group,Mumbai Indians,May,9,Tuesday,Royal Challengers Bangalore,Mumbai Indians,,6,21,8,0,1,2
1359476,2023,Punjab Kings,Kolkata Knight Riders,2023-04-01,2,Punjab Cricket Association IS Bindra Stadium,Chandigarh,Kolkata Knight Riders,field,Arshdeep Singh,BNJ Oxenford,YC Barde,PM Joshi,M Nayyar,Punjab Kings,7.0,,Group,Punjab Kings,April,1,Saturday,Kolkata Knight Riders,Punjab Kings,,7,13,7,0,2,1
1359537,2023,Lucknow Super Giants,Mumbai Indians,2023-05-16,63,Bharat Ratna Shri Atal Bihari Vajpayee Ekana Cricket Stadium,Lucknow,Mumbai Indians,field,MP Stoinis,AK Chaudhary,A Nand Kishore,M Krishnadas,Sanjay Verma,Lucknow Super Giants,5.0,,Group,Lucknow Super Giants,May,16,Tuesday,Lucknow Super Giants,Mumbai Indians,,4,6,11,0,,5
1370353,2023,Gujarat Titans,Chennai Super Kings,2023-05-29,74,Narendra Modi Stadium,Ahmedabad,Chennai Super Kings,field,DP Conway,Nitin Menon,RJ Tucker,J Madanagopal,J Srinath,Chennai Super Kings,,5.0,Final,Gujarat Titans,May,29,Monday,Gujarat Titans,Chennai Super Kings,,4,20,9,0,,2
1359533,2023,Punjab Kings,Delhi Capitals,2023-05-13,59,Arun Jaitley Stadium,Delhi,Delhi Capitals,field,P Simran Singh,CB Gaffaney,NA Patwardhan,M Krishnadas,Sanjay Verma,Punjab Kings,31.0,,Group,Delhi Capitals,May,13,Saturday,Punjab Kings,Delhi Capitals,,7,13,8,0,,11
1359488,2023,Punjab Kings,Sunrisers Hyderabad,2023-04-09,14,Rajiv Gandhi International Stadium,Hyderabad,Sunrisers Hyderabad,field,S Dhawan,BNJ Oxenford,UV Gandhe,PM Joshi,M Nayyar,Sunrisers Hyderabad,,8.0,Group,Sunrisers Hyderabad,April,9,Sunday,Sunrisers Hyderabad,Punjab Kings,,2,22,3,0,,
1359540,2023,Punjab Kings,Rajasthan Royals,2023-05-19,66,Himachal Pradesh Cricket Association Stadium,Dharamsala,Rajasthan Royals,field,D Padikkal,A Nand Kishore,RJ Tucker,P Joshi,P Dharmani,Rajasthan Royals,,4.0,Group,Punjab Kings,May,19,Friday,Rajasthan Royals,Punjab Kings,,6,18,9,0,1,7
1359491,2023,Rajasthan Royals,Chennai Super Kings,2023-04-12,17,MA Chidambaram Stadium,Chennai,Chennai Super Kings,field,R Ashwin,Vinod Seshan,VK Sharma,A Bengeri,J Srinath,Rajasthan Royals,3.0,,Group,Chennai Super Kings,April,12,Wednesday,Chennai Super Kings,Rajasthan Royals,,6,12,6,0,,8
1359515,2023,Chennai Super Kings,Punjab Kings,2023-04-30,41,MA Chidambaram Stadium,Chennai,Chennai Super Kings,bat,DP Conway,RJ Tucker,UV Gandhe,Mohamad Rafi,M Nayyar,Punjab Kings,,4.0,Group,Chennai Super Kings,April,30,Sunday,Punjab Kings,Chennai Super Kings,,6,13,9,0,,6
1359477,2023,Lucknow Super Giants,Delhi Capitals,2023-04-01,3,Bharat Ratna Shri Atal Bihari Vajpayee Ekana Cricket Stadium,Lucknow,Delhi Capitals,field,MA Wood,AK Chaudhary,NA Patwardhan,M Kuppuraj,DS Manohar,Lucknow Super Giants,50.0,,Group,Lucknow Super Giants,April,1,Saturday,Delhi Capitals,Lucknow Super Giants,,9,15,2,0,1,9
1359538,2023,Delhi Capitals,Punjab Kings,2023-05-17,64,Himachal Pradesh Cricket Association Stadium,Dharamsala,Punjab Kings,field,RR Rossouw,KN Ananthapadmanabhan,MV Saidharshan Kumar,P Joshi,P Dharmani,Delhi Capitals,15.0,,Group,Punjab Kings,May,17,Wednesday,Punjab Kings,Delhi Capitals,,8,15,13,0,2,2
1359483,2023,Kolkata Knight Riders,Royal Challengers Bangalore,2023-04-06,9,Eden Gardens,Kolkata,Royal Challengers Bangalore,field,SN Thakur,Vinod Seshan,VK Sharma,A Bengeri,Shakti Singh,Kolkata Knight Riders,81.0,,Group,Kolkata Knight Riders,April,6,Thursday,Kolkata Knight Riders,Royal Challengers Bangalore,,7,18,9,0,3,10
1370353,2023,Gujarat Titans,Chennai Super Kings,2023-05-29,74,Narendra Modi Stadium,Ahmedabad,Chennai Super Kings,field,DP Conway,Nitin Menon,RJ Tucker,J Madanagopal,J Srinath,Chennai Super Kings,,5.0,Final,Gujarat Titans,May,29,Monday,Chennai Super Kings,Gujarat Titans,,5,11,10,0,,4
1359486,2023,Mumbai Indians,Chennai Super Kings,2023-04-08,12,Wankhede Stadium,Mumbai,Chennai Super Kings,field,RA Jadeja,CB Gaffaney,NA Patwardhan,M Kuppuraj,DS Manohar,Chennai Super Kings,,7.0,Group,Mumbai Indians,April,8,Saturday,Mumbai Indians,Chennai Super Kings,,8,15,4,0,,5
1359514,2023,Sunrisers Hyderabad,Delhi Capitals,2023-04-29,40,Arun Jaitley Stadium,Delhi,Sunrisers Hyderabad,bat,MR Marsh,MA Gough,Navdeep Singh,P Joshi,V Narayan Kutty,Sunrisers Hyderabad,9.0,,Group,Delhi Capitals,April,29,Saturday,Delhi Capitals,Sunrisers Hyderabad,,6,14,8,0,,3
1359480,2023,Chennai Super Kings,Lucknow Super Giants,2023-04-03,6,MA Chidambaram Stadium,Chennai,Lucknow Super Giants,field,MM Ali,A Totre,BNJ Oxenford,PM Joshi,M Nayyar,Chennai Super Kings,12.0,,Group,Chennai Super Kings,April,3,Monday,Chennai Super Kings,Lucknow Super Giants,,7,15,13,0,1,7
1359544,2023,Royal Challengers Bangalore,Gujarat Titans,2023-05-21,70,M Chinnaswamy Stadium,Bengaluru,Gujarat Titans,field,Shubman Gill,Nitin Menon,VK Sharma,VM Dhokre,J Srinath,Gujarat Titans,,6.0,Group,Royal Challengers Bangalore,May,21,Sunday,Royal Challengers Bangalore,Gujarat Titans,,5,25,3,0,,5
1359517,2023,Royal Challengers Bangalore,Lucknow Super Giants,2023-05-01,43,Bharat Ratna Shri Atal Bihari Vajpayee Ekana Cricket Stadium,Lucknow,Royal Challengers Bangalore,bat,F du Plessis,AK Chaudhary,GR Sadashiv Iyer,M Krishnadas,Prakash Bhatt,Royal Challengers Bangalore,18.0,,Group,Lucknow Super Giants,May,1,Monday,Royal Challengers Bangalore,Lucknow Super Giants,,9,6,2,0,,2
1359501,2023,Royal Challengers Bangalore,Punjab Kings,2023-04-20,27,Punjab Cricket Association IS Bindra Stadium,Chandigarh,Punjab Kings,field,Mohammed Siraj,AK Chaudhary,GR Sadashiv Iyer,M Kuppuraj,Prakash Bhatt,Royal Challengers Bangalore,24.0,,Group,Punjab Kings,April,20,Thursday,Royal Challengers Bangalore,Punjab Kings,,4,12,6,0,1,3
1359492,2023,Punjab Kings,Gujarat Titans,2023-04-13,18,Punjab Cricket Association IS Bindra Stadium,Chandigarh,Gujarat Titans,field,MM Sharma,A Totre,J Madanagopal,PM Joshi,R Seth,Gujarat Titans,,6.0,Group,Punjab Kings,April,13,Thursday,Gujarat Titans,Punjab Kings,,4,17,1,0,,
1359505,2023,Punjab Kings,Mumbai Indians,2023-04-22,31,Wankhede Stadium,Mumbai,Mumbai Indians,field,SM Curran,CB Gaffaney,GR Sadashiv Iyer,M Kuppuraj,Prakash Bhatt,Punjab Kings,13.0,,Group,Mumbai Indians,April,22,Saturday,Punjab Kings,Mumbai Indians,,8,16,14,0,2,7
1370352,2023,Gujarat Titans,Mumbai Indians,2023-05-26,73,Narendra Modi Stadium,Ahmedabad,Mumbai Indians,field,Shubman Gill,Nitin Menon,RJ Tucker,KN Ananthapadmanabhan,J Srinath,Gujarat Titans,62.0,,Qualifier,Gujarat Titans,May,26,Friday,Mumbai Indians,Gujarat Titans,,10,17,7,0,1,4
1359503,2023,Sunrisers Hyderabad,Chennai Super Kings,2023-04-21,29,MA Chidambaram Stadium,Chennai,Chennai Super Kings,field,RA Jadeja,HAS Khalid,VK Sharma,A Bengeri,Shakti Singh,Chennai Super Kings,,7.0,Group,Chennai Super Kings,April,21,Friday,Chennai Super Kings,Sunrisers Hyderabad,,3,16,1,0,,
1359475,2023,Chennai Super Kings,Gujarat Titans,2023-03-31,1,Narendra Modi Stadium,Ahmedabad,Gujarat Titans,field,Rashid Khan,Nitin Menon,HAS Khalid,A Bengeri,J Srinath,Gujarat Titans,,5.0,Group,Gujarat Titans,March,31,Friday,Chennai Super Kings,Gujarat Titans,,7,10,13,0,1,
1359487,2023,Gujarat Titans,Kolkata Knight Riders,2023-04-09,13,Narendra Modi Stadium,Ahmedabad,Gujarat Titans,bat,RK Singh,Nitin Menon,Tapan Sharma,A Bengeri,J Srinath,Kolkata Knight Riders,,3.0,Group,Gujarat Titans,April,9,Sunday,Gujarat Titans,Kolkata Knight Riders,,4,18,7,0,1,10
1359507,2023,Chennai Super Kings,Kolkata Knight Riders,2023-04-23,33,Eden Gardens,Kolkata,Kolkata Knight Riders,field,AM Rahane,Nitin Menon,Tapan Sharma,A Bengeri,Shakti Singh,Chennai Super Kings,49.0,,Group,Kolkata Knight Riders,April,23,Sunday,Chennai Super Kings,Kolkata Knight Riders,,4,14,18,0,1,2
1359506,2023,Royal Challengers Bangalore,Rajasthan Royals,2023-04-23,32,M Chinnaswamy Stadium,Bengaluru,Rajasthan Royals,field,GJ Maxwell,MA Gough,MV Saidharshan Kumar,Abhijit Bhattacharya,Amit Sharma,Royal Challengers Bangalore,7.0,,Group,Royal Challengers Bangalore,April,23,Sunday,Rajasthan Royals,Royal Challengers Bangalore,,6,18,6,0,,7
1359475,2023,Chennai Super Kings,Gujarat Titans,2023-03-31,1,Narendra Modi Stadium,Ahmedabad,Gujarat Titans,field,Rashid Khan,Nitin Menon,HAS Khalid,A Bengeri,J Srinath,Gujarat Titans,,5.0,Group,Gujarat Titans,March,31,Friday,Gujarat Titans,Chennai Super Kings,,5,15,8,0,2,4
1359477,2023,Lucknow Super Giants,Delhi Capitals,2023-04-01,3,Bharat Ratna Shri Atal Bihari Vajpayee Ekana Cricket Stadium,Lucknow,Delhi Capitals,field,MA Wood,AK Chaudhary,NA Patwardhan,M Kuppuraj,DS Manohar,Lucknow Super Giants,50.0,,Group,Lucknow Super Giants,April,1,Saturday,Lucknow Super Giants,Delhi Capitals,,6,5,16,0,,5
1359510,2023,Kolkata Knight Riders,Royal Challengers Bangalore,2023-04-26,36,M Chinnaswamy Stadium,Bengaluru,Royal Challengers Bangalore,field,CV Varun,KN Ananthapadmanabhan,R Pandit,Abhijit Bhattacharya,Amit Sharma,Kolkata Knight Riders,21.0,,Group,Royal Challengers Bangalore,April,26,Wednesday,Kolkata Knight Riders,Royal Challengers Bangalore,,5,16,12,0,,5
1359508,2023,Delhi Capitals,Sunrisers Hyderabad,2023-04-24,34,Rajiv Gandhi International Stadium,Hyderabad,Delhi Capitals,bat,AR Patel,J Madanagopal,RJ Tucker,PM Joshi,R Seth,Delhi Capitals,7.0,,Group,Sunrisers Hyderabad,April,24,Monday,Delhi Capitals,Sunrisers Hyderabad,,9,15,2,0,,2
1359534,2023,Royal Challengers Bangalore,Rajasthan Royals,2023-05-14,60,Sawai Mansingh Stadium,Jaipur,Royal Challengers Bangalore,bat,WD Parnell,KN Ananthapadmanabhan,Navdeep Singh,P Joshi,V Narayan Kutty,Royal Challengers Bangalore,112.0,,Group,Rajasthan Royals,May,14,Sunday,Royal Challengers Bangalore,Rajasthan Royals,,5,12,7,0,,5
1359525,2023,Gujarat Titans,Lucknow Super Giants,2023-05-07,51,Narendra Modi Stadium,Ahmedabad,Lucknow Super Giants,field,Shubman Gill,AK Chaudhary,A Nand Kishore,M Krishnadas,Prakash Bhatt,Gujarat Titans,56.0,,Group,Gujarat Titans,May,7,Sunday,Lucknow Super Giants,Gujarat Titans,,7,16,7,0,,5
